Heading,Tab1,Tab2,Comment,CommentInfo
100% save and anonymous pc setup (download guide),This is a PDF which explains you  a Beginner  what exactly you need for whatever illegal activitys you want to do. With this setup you are 100% save and anonymous. I included a list with all the free Programs you need to be sucessful. I also include a detailed Guide how to setup Firefox to not get busted.  Only thing you need to buy? Nord VPN. But you will find accounts starting at 0.90â‚¬ on DARKODE. Or you buy it Official.,IN CASE YOU ARE NOT SATISFIED WITH OUR PRODUCT CONTACT US AND WE FIND A SOLUTION. CUSTOMERS WHO ORDER THE FIRST TIME AND ARE NOT LVL 2 AND/OR HAVE ALREADY A OPEN DISPUTE WILL NOT BE REFUNDED  OR GET RESHIPMENT.,Comments (0),
how to safely pass counterfeit money,â˜…â˜…â˜…INSTANT DELIVERY TO YOUR INBOXâ˜…â˜…â˜…  This will teach you how to safely pass counterfeit money.,No refunds.,Comments (0),
2023 antidetect 7.3 + fraudfox vm + 4000configs,â˜…â˜…â˜…â˜…â˜…INSTANT DELIVERY TO YOUR INBOXâ˜…â˜…â˜…â˜…â˜…  For receiving instantly : Please leave buyer note empty  ANTI DETECT BROWSER  Anti detect is perhaps considered the best and secure browser in the world because of its many features including;  ðŸ”¥BROWSER FINGERPRINT  WHAT IS A BROWSER FINGERPRINT?   Browsing fingerprinting is a term used to describe the collection of data to give a user  or client  a unique identifier. A simple example of data used to create unique fingerprints would be a user agent string. This data is often included in fullz profiles.  However  a browser fingerprint is not at all limited to user agent strings! This is just one of many unique identifiers that can and will affect your transactions.  HOW DO WEBSITES USE FINGERPRINT  Other variables such as Flash version  keyboard layout  language settings  MIME settings  time zone  OS version  browser extensions  screen resolution  and many others are collected and organized to build profiles to verify the authenticity  of returning users. Companies such as MaxMind  SAS  and ProScore sell these as Predictive Analysis Decision models.  it takes all of this into account and helps you quickly modify  customize  import and export your settings to better match your card holder profiles.  WHAT DOES ANTI-DETECT DO?  simple : antidetect browser is able to clone /copy any browser details such flash   browser version   name   ip address   mac address   installed add-ons and many other parameters that means you will be able to clone any details of the browser used by the user you want to card and the target ted sites will think this is the legit user and will not block your carding attempt  Anti detect browser cost more than 300$ when you purchase it.  FRAUD FOX  Fraudfox is a Virtual Machine based on VMWare.  VMWare is software that mimics another computerâ€™s setup  the VM stands for Virtual Machine.  For instance you can use VMWare on a Mac laptop and run it up so that you have a Windows desktop running inside of your Mac environment  giving you access to use programs and features that only Windows employs.  FraudFox has the ability to spoof not only the operating system requirements of a machine but also the browser fingerprint that you are using also...,No Refund,Comments (0),
critical security flaws in android devices,Critical Security Flaws in Android Devices Affecting Millions of Users  AN IT SECURITY FIRM CHECKPOINT HAS DISCOVERED A SET OF CRITICAL SECURITY FLAWS IN SEVERAL ANDROID DEVICES AFFECTING 900 MILLION USERS WORLDWIDE.  Why Buy from us: - We deliver full support on all of our products  So if you have any questions please let us know. - All our guides work world wide - You will get a 100% satisfaction guarantee  so if you are not 100% satisfied with your purchase we will refund your order. - If you leave positive feedback you will get a product of your choosing for free. - Instant delivery.  If you have any questions please let us know.  NOTE:  ALL MATERIAL  SOFTWARE  TUTORIALS ARE STRICTLY FOR: ACADEMIC  RESEARCH  EDUCATIONAL and TRAINING ONLY  WE DO NOT CONDONE ILLEGAL ACTIVITIES,Please dont forget to release the order and feel free to leave feedback. if you have any issue please contact me first   Have a nice day,Comments (0),
complete opsec tutorial,Complete OPSEC tutorial  basic to advanced. Let me know your requirements and setup and I can give guidance on OPSEC,No refund,Comments (1),m********: Excellent service. A real pro.
20 carding videos + 55 methods cashout cc to btc,ORIGINAL 20 CARDING VIDEOS + 55 METHOS CASHOUT CC TO BTC +45 GB 6k/Day + 12.000 METHODS    FREE BONUS ITEMS FOR LEAVING POSITIVE FEEDBACK   Welcome  are you ready to make some serious cash? Enough buying this garbage  get your hands on REAL SHIT   What to expect from us? Only the BEST quality material  ready to use Our goal? YOU MAKING SERIOUS CASH NOW LETS MAKE MONEY BABY  -  PACKAGE -   VIDEO 1 - Stay Anonymous  changing socks5/location the right way My TOP 15 socks providers INCLUDED   VIDEO 2 - Connecting to RDP the right WAY   VIDEO 3 - 10 Best Places to Buy Bitcoin  VIDEO 4 -Need to Know Basics of Carding  VIDEO 5 - How to Card where to start  VIDEO 6 - Carding 101  VIDEO 7 - Cashing out CC in front of YOU  making 250 in 15 minutes  VIDEO 8 - Carding WITHOUT CC  VIDEO 9 - EASY Cell Phone Carding  VIDEO 10 - Simple VPN Carding  VIDEO 11 - Basic Amazon Checkout Method  VIDEO 12 - Stripe Cahout  VIDEO 13 - Cashing out PAYPAL accounts  200 sent in less,No refunds.,Comments (0),
privazer 4.03 donors edition + serials- better tha,Privazer PC cleaner  look at youtube comparison between Ccleaner and Privazer. Some say this is much more effective than CCLeaner. update: Feedback from the first 2 buyers seems like it is much better than Ccleaner  Well testing it wont hurt you for 99 cents?  version 4.03 including 3 activation keys,Non refundable  this just works if not  contact me,Comments (0),
guide to anonymity on the darkweb and tor,This is a detailed guide on the use of the dark web it also offers insight into a lot of privacy tips and how to stay safe on the internet and even in real life it has very detailed information on the use of tor  the dark art of anonymity  the use of burners and the black markets  the invisibility toolkit  Usenet and the dark net this guide contains beneficial information to anyone who is looking to be anonymous on the internet and maintain a good op-sec,No Refunds,Comments (0),
uber fraud pack make $2500 monthly,INSTANT DELIVERY TO YOUR INBOX   This is VERY EASY to do and use and Replicate so you can literally retire if you have enough accounts getting paid.  This quick and complete guide explains you how to cashout credit cards trough an easy processor.  What is needed to use the method? A solid Bank Drop Rooted Phone Or Android Emulators Created or Hacked Uber accounts   What we will be doing?  We will be using social engineering to get an approved google driver account  then fake rides and get payments into our bank account.  Works in all countries where Uber is.  WORLDWIDE WORKING  You will get these Guides:  Free Rides System  Get Free Rides FOREVER. Hack Ubers Driver System Make thousands Being a Fake UBER DRIVER Use this guide to easily trick Uber into paying you to be a driver while actually not leaving our home Unlimited Uber rides  you will learn how to get free unlimited UBER rides as well.,No refunds.,Comments (0),
ultimate fraud expert opsec setup,HELLO VIEWERS... TODAY YOU ARE GONNA HAVE MOST COMPLETE  POPULAR & EASY TO FOLLOW FRAUD EXPERT OPSEC SETUP GUIDE. IF YOU HAVE THIS ONE  YOU DONT  NEED ANY OPSEC GUIDE IN MANY YEARS TO COME. ITS A 221 PAGES OPSEC GUIDE'S MAIN PURPOSE IS TO KEEP YOU SAFE AND SUCCESSFUL FRAUDSTER TILL THE END. RAUD EXPERT OWhat if one day your computer was ever stolen from your home  hotel room or rental car? What if it was borrowed by a friend of yours/family relative and lost or forgotten at school or on the bus? What if you were robbed and your backpack stolen? What if the police ever raided your home and took control of your digital devices to conduct a thorough investigation  that could potentially leave you in a dire situation  where you could face years in prison? What if any of a thousand scenarios occurred that resulted in you losing physical control  whether permanently or temporarily  of your computer? In any of these instances the new Â“ownerÂ” of the computer may try to take a look at your data. What will they find there?   PSEC SETUP  BY HELTER SQUAD  BASIC COMPUTER SECURITY WEB BROWSER SECURITY FIREFOX ABOUT:CONFIG  FIREFOX ADD-ONS    ONLINE ACCOUNT SECURITY SOCIAL NETWORKS ANONYMOUS PURCHASES ANONYMOUS TELEPHONES SMARTPHONE SECURITY COMPUTER SECURITY: DATA-AT-REST COMPUTER SECURITY: DATA-IN-MOTION COMMUNICATION SECURITY: EMAIL COMMUNICATION SECURITY: VOICE AND TEXT SECURE FILE DELETION STATELESS OPERATING SYSTEMS LAUNDERING YOUR BITCOINS ALIASES MAKING YOUR HOME Â“INVISIBLEÂ” CONCLUSION,No Refund!,Comments (0),
android carding setup no rooting cashout hacking,â˜…â˜…â˜…â˜…INSTANT DELIVERY TO YOUR INBOXâ˜…â˜…â˜…â˜…  THIS IS THE BEST AND EASIEST GUIDE TO MAKING YOUR ANDROID DEVICE A CARDING WEAPON  NO BULLSHIT.  EASY TO SETUP  NO ROOTING YOUR PHONE NEEDED  ALL YOU DO IS DOWNLOAD A FEW APPS AND YOUR ON YOUR WAY TO MAKING SOME MONEY.  ENOUGH FAILING WITH YOUR GUIDES LETS MAKE SOME REAL MONEY$$,No refunds.,Comments (0),
xss security days,XSS Security Days  Why Buy from us: - We deliver full support on all of our products  So if you have any questions please let us know. - All our guides work world wide - You will get a 100% satisfaction guarantee  so if you are not 100% satisfied with your purchase we will refund your order. - If you leave positive feedback you will get a product of your choosing for free. - Instant delivery.  If you have any questions please let us know.,Please don't forget to release the order and feel free to leave feedback. if you have any issue please contact me first   Have a nice day,Comments (0),
new lockscreen ransomware targeting android device,New Lockscreen Ransomware Targeting Android Devices  SYMANTEC SECURITY CLAIMS ANDROID LOCKSCREEN RANSOMWARE USING PSEUDORANDOM PASSCODE TO ENSURE VICTIM PAYS THE RANSOM.  Why Buy from us: - We deliver full support on all of our products  So if you have any questions please let us know. - All our guides work world wide - You will get a 100% satisfaction guarantee  so if you are not 100% satisfied with your purchase we will refund your order. - If you leave positive feedback you will get a product of your choosing for free. - Instant delivery.  If you have any questions please let us know.  NOTE:  ALL MATERIAL  SOFTWARE  TUTORIALS ARE STRICTLY FOR: ACADEMIC  RESEARCH  EDUCATIONAL and TRAINING ONLY  WE DO NOT CONDONE ILLEGAL ACTIVITIES,Please dont forget to release the order and feel free to leave feedback. if you have any issue please contact me first   Have a nice day,Comments (0),
ccleaner professional - newest version,Must have utility for every Darknet user ! This is Pro version   not freeware !  If your PC is slow  crashing or running out of hard drive space  CCleaner Professional is  the solution. Its patented cleaner clears the clutter from your hard drive  removes junk  from the Windows registry  and protects your privacy by removing tracking cookies and  browser history. All without touching your documents  music  videos and other files. If you have more than one person using your PC  CCleaner Professional can clean multiple  user profiles. With system monitoring it keeps an eye on your system in the background  and cleans when needed.   Make your PC last longer CCleaner Professional speeds up your PC and  recovers hard drive space. Itâ€™s like getting a  brand-new PC for a fraction of the cost.  Be safer online Advertisers and websites track your behavior  online with â€˜cookiesâ€™ that stay on your computer.  CCleaner Professional erases these cookies  so any browsing you do stays confidential.  Reduce crashes The registry stores Windows settings. Over  time  it can become cluttered and filled with  errors  and can lead to crashes. CCleaner  Professionalâ€™s patented registry cleaner clears  out the clutter so your PC is more stable.  Speed up your startup Many programs run silently in the background  when you start your PC. CCleaner Professional  helps you get to work â€“ or play â€“ faster by  letting you disable unneeded programs.  Easy to use If you can use email  you can use CCleaner  Professional. Itâ€™s point-and-click  and you  decide what to clean and what to keep.  Software + serial  We decline any responsibility on the use you will have with our products. Product sold for informational purposes only.  Everyone is free to choose their use...,Non functional items will be refunded.,Comments (0),
make big money on darkmarkets become vendor guide,INSTANT  DELIVERY TO YOUR INBOX  How to make BIG MONEY on DARKMARKETS 100% WORKING  NO BULLSHIT  step by step guide.  You will learn to sell guides and tutorials in the dark market. I have more than $ 500 a day and sometimes much more using this method. It is easy ... Stop working and get a better life. Easy money for all. Noob friendly.  No long boring lectures here. All I will tell you is this  if youâ€™re the type who feels taking from others is immoral  wrong  harsh  etc  then this isnâ€™t for you. Your best bet is to look for a 9 to 5 or offer your services to a church and donâ€™t bother to reading on.,No refunds.,Comments (0),
amazon refund guide - extremely detailed,INSTANT DELIVERY TO YOUR INBOX  This guide contains all the knowledge you need to successfully rape amazon and never be caught  and what you do with this knowledge  is entirely up to you. This guide was written on years of experience and some of the information you will read was provided by an ex amazon employee and his name will be provided next to it.,No refunds.,Comments (1),l******: Some interesting knowledge  thank you.
-== malwarebytes lifetime premium key ==-,Malwarebytes protects you against malware  ransomware  malicious websites  and other advanced online threats that have made traditional antivirus obsolete.  Valid Malware Bytes Lifetime Premium Keys. Keys are not stolen or bruteforced! All Keys will last forever  with lifetime support guarantee.  Format is: License ID : License Key,No refund,Comments (0),
make $20k selling branded counterfeit watches ebay,â˜…â˜…â˜…â˜…â˜…INSTANT DELIVERY TO YOUR INBOXâ˜…â˜…â˜…â˜…â˜…  MAKE $20k SELLING BRANDED COUNTERFEIT WATCHES ON EBAY  MAKE OVER $20 000 A WEEK SELLING BRANDED COUNTERFEIT WATCHES ON EBAY - ARMANI  MICHAEL KORS  TISSOT  DIESEL AND MORE - WATCH QUALITY 1 : 1 + BONUS VIDEO HOW TO AVOID SUSPENSION - UPDATED (SEE PICTURES).. I PROVIDE SUPPLIERS ALSO    Do you want to make $20 000-$100 000+ a month and finally have financial freedom?    We will show you how to sell BRANDED counterfeit items on EBAY and stay 100% safe ! Detailed guide step by step with PROOF of earnings OF $1K per day and pictures of items to sell with all the details where to get items!    Easy money to be made here. Once a day go to post office  send your stuff to customers and enjoy your money !    Change your life once and for all and VOUCH us later !    We are currently making $100k+ a month selling this stuff on Ebay NO BS !!! (Proof in Tutorial)   Selling Armani  Michael Kors  Diesel  etc.   If you are serious  this GUIDE will change your life forever !!!   Profit per each sold watch is around $100 - $150   We are getting them for $60 so remember you have to get 1 sale to get your investment back and TRUST me sales are coming in like CRAZY !!!    Once that information is provided you can sell like CRAZY and i mean that ! (Proof inside),No refunds.,Comments (2),s**********: A+++r*****************: A+
exclu messenger,ExcluMessenger Is a chat  pgp  and calling in 1. Keep your communications confidential. Account costs 800 euro / 6 months / license  install and account info is provided after payment.  Most secure Chat  PGP  Call  System for all your communication needs all in 1. Multiple encryption layers  easy to install and use. Each License is valid 6 months  the software can be installed on Androids and Iphone.  1 License per account  it can PGP communicate with all the well known brands like chatmail  securegroup  ciphr  ghost etc..  You get excellent fast support.  Regular software and security updates and new futures added on regular bases.  The app runs in its own encrypted container  including separate build in encrypted storage for notes  send and received files  and anti trojan keyboard.  It can be installed on your current phone  without drawing attention  even its icon can be changed from any of the most popular apps making it invisible at glance  custom duress wipe can be set  and many other options.   You can be sure your safe. Any questions drop me a message.,No refund  digital delivery  any questions  please ask us before placing the order.,Comments (0),
ashampoo anti-virus 2016 - darknet security,Advanced malware protection that works  Be secure on Darknet   Real-time protection: Neutralises attacks as they happen 	  Behaviour Blocker: Monitors application behavior and prevents even not yet classified threats such as zero-day exploits 	  On-Access Guard: Neutralises infection attempts during file operations. 	  Multi-Engine Scanner: Combines two scan engines for maximum accuracy 	  Customisable whitelist to exclude files from scan 	  Web protection: Prevents access to malicious websites 	  Game mode: Handles all security issues automatically to ensure uninterrupted gameplay 	  Self-protection: Vital program parts are encrypted to prevent the circumvention of security measures  File Wiper: Protect your privacy and permanently erase files and folders to render them unrecoverable for file restoration tools. It is also possible  to overwrite empty hard disk space to prevent restoration of already deleted files. 	  Internet Cleaner: Remove your Internet traces and delete temporary Internet files  clear your browser cache and erase your browsing history. 	  Hostfile Checker: Scans your Windows hostfile for unwanted DNS redirects 	  ADS Scanner: Scan NTFS drives for invisible data streams and remove them 	  StartUp Tuner: Improve the startup time of your PC and disable unnecessary Autostart entries. 	  LSP Viewer: Manage Winsock-Layers and network activity,Non functional items will be refunded.,Comments (0),
recuva professional - technician cracked,Best solution to rescue your lost data from USB   SD card or HDD.  Recover your deleted files quickly and easily.  Accidentally deleted an important file? Lost files after a computer crash? No problem - Recuva recovers files from your Windows computer  recycle bin  digital camera card  or MP3 player!  Recuva 1.52.1086 Professional - Technician   We decline any responsibility on the use you will have with our products. Product sold for informational purposes only.  Everyone is free to choose their use...,Non functional items will be refunded.,Comments (0),
linkensphere 6.7 mod - best browser for card,Better than Antidetect 7 browser  move your carding experience to the next level    Product Presentation: www.youtube.com/watch?v=moVoW1eN52c     A boxed solution that is configured in minutes. Suitable for both beginner and prof.  Does not leave traces on the machine  does not transfer your IP and does not send hidden requests - connection to the browser via Tor  work in the OTR protocol with AES 256 encryption  Additional programs (Proxifier  Bitviser  Tor Browser) are not needed   Replaces or hides all necessary prints (GPU  Audio  Canvas  Plugins  Fonts  ClientRects  Ubercookies)   Over 60 000 built-in configurations  taken from real machines  as well as your own configuration with private configurations. Simulate any browser  operating system and type of device  Flexible configuration of any parameters up to the touchscreen and GPS   Dragging data from Maxmind   Save  load and unload cookies and session settings   Simultaneous work with various configurations and connection types (http  SSH  socks  Tor  SSH + Tor)  team work (multitier) can withstand 100+ open tabs    Now  without special knowledge  you can turn your computer in the eyes of any system into a machine with the necessary unique characteristics in a matter of minutes. If you have an advanced level  you can always customize the settings manually.  CHeck all our listings   2023 DroidJack 4.4 - Android RAT  2023 ANTIDETECT 7.3 + FRAUDFOX VM +4000Configs  2x VERIFIED Paypal Account + cookie + user agent + CC or BA  CREDIT CARDS DATA - US EU LATINO ASIA  USA HIGH QUALITY CVV DETAILS,No REFUND    Report any dead links to me,Comments (0),
malwarebytes anti-malware - protect your pc,Protect you from dangerous threats that antivirus doesn't.  Computer showing telltale signs of infection? Download our industry-leading scanner and protect against unknown and known malware.  Detects and removes malware on an infected computer with industry-leading anti-malware  anti-spyware  and anti-rootkit tech. Scans for the newest and most dangerous threats. Safely removes malware.  Runs continuously in the background  stopping infections before they happen. Scans automatically and halts attempted attacks.  Stops sites that deliver malware or sites that are compromised by malware.  Targets only active threats in Hyper Scan mode for faster analysis.  Uses proprietary Chameleon technology to prevent malware from terminating Malwarebytes or modifying its processes.,Non functional items will be refunded.,Comments (0),
ultimate antivirus collection 2023 - all is here,Best updated security collection what you can get on darkmarkets. - Fully activated antivirus software. - 23 products on one place. - All best software in one collection. - You can choose which software from collection to download. - Be safe on Darknet use best antiviruses and antimalware.  This Ultimate Collection contains:  Avast! Internet Security Premier Antivirus 2023 v19.1.2360.Build.19.1.4142  Avira Antivirus Pro 2023 v15.0.44.143  ESET Internet Security 2023 v.12.1.31.0  ESET-NOD32 Antivirus Smart Security 2023 v8.0.319.1.Multi  Kaspersky Anti-Virus 2023 v19.0.0.1088  Kaspersky Internet Security 2023 v19.0.0.1088  McAfee Endpoint Security 10.6.1.190212  Auslogics Anti-Malware 1.12 Full Crack  Ashampoo Anti-Virus 2016 - Darknet security  Avast Anti Virus 2017  AVG Internet Security v17.7.3032 + License Keys (x86/x64)  Avira Antivirus Pro 15.0.32.6 + Lifetime License Key !  ESET Internet Security 2017 v 10.0.386.0  ESET NOD32 Antivirus 2017 v10.0.386.0  ESET NOD32 Antivirus  Smart Security  Internet Security 2017 v 10.0.386.0 + License Keys  Kaspersky Anti-Virus 2017 17  Malwarebytes Anti Exploit Premium 1.12.1.42 Final Full Keygen  Malwarebytes Anti-Malware - protect your PC  McAfee VirusScan Enterprise 8.8 Patch 10 With Crack  Smadav Pro 2017  Smadav Pro 2023 Versi Terbaru Rev 11.8 Full Keygen  Trojan Remover 6.9.4.2943 Final + Cracked-SND  UnHackMe 9.70 Build 670 Full Crack,Non functional items will be refunded.,Comments (0),
print usps/fedex/canada post labels anonymous,â˜…â˜…â˜…INSTANT DELIVERY TO YOUR INBOXâ˜…â˜…â˜…  -Dhl is also sometimes available  If you are looking for printed labels for your packages but want to stay anonymous then this is for you.  I scoured the net and found a site that you can print any and all labels for usps  fedex  and canada post.  Stop putting stamps and writing the addresses  its too obvious now and most packages with stamps get busted. You need professional printed labels for your packages.    Priority First class Overnight Express International first class/express And many many more options.,No refunds.,Comments (0),
mobiledit forensic - work like cia,Investigate Mobile Phones Using the Most Comprehensive Tool Available  Retrieve all data from a phone with one click Generate forensic reports ready for the courtroom Relied upon by the US Military  FBI  and CIA!   Analyze phones via USB cable  Wi-Fi  Bluetooth or IrDA   	  Analyze phonebook  last dialed numbers  missed calls  recei-           ved calls  SMS messages  multimedia messages  photos  files             phone details  calendar  notes  tasks  SIM cards  applicati-           ons  application data including those deleted (coming soon)            and more  	  Support for Android  iOS  Symbian  Blackberry  Windows Phone            Windows Mobile  MediaTek  Bada  MeeGo and other feature            phones covering more than 3000 fully tested devices   	  Complete driver pack with device drivers for all major phone            manufacturers included   Complete Data Extraction from Phones and SIM Cards  With MOBILedit Forensic you can view  search or retrieve all data from a phone with only a few clicks. This data includes call history  phonebook  text messages  multimedia messages  files  calendars  notes  reminders and raw application data. It will also retrieve all phone information such as IMEI  operating systems  firmware including SIM details (IMSI)  ICCID and location area information. Where possible MOBILedit Forensic is also able to retrieve deleted data from phones and bypass the passcode  PIN and phone backup encryption.  We decline any responsibility on the use you will have with our products. Product sold for informational purposes only.  Everyone is free to choose their use...,Non functional items will be refunded.,Comments (2),p**********: Good seller and Quality is TOP!!!p********: Awesome!
protect your pc - zemana antilogger,Zemana AntiLogger aggressively combats keyloggers of all types. Using this anti-keylogger software  you can secure your financial information and keep your personal life private. TopTenREVIEWS - Silver Award - Awarded for excellence in design  usability and feature set TopTenREVIEWS - Excellence Award - Awarded for excellence in design  usability and feature set  Zemana AntiLogger excels at fighting the most malicious type of keyloggers â€“ financial malware. Financial malware's sole purpose is to obtain your logins  passwords  credit card numbers and banking information  as well as valuable accounts such as stock trading accounts. Once that information is obtained  it is often sold to the highest bidder. Using our Top Ten Reviews Silver Award winning anti-keylogger software  you can thwart malicious keyloggers and maintain your privacy.  This anti-keylogger also includes a unique technology called IntelliGuard. While most anti-keyloggers rely on known malware definitions and behavioral analysis of suspicious-acting elements  Zemana includes IntelliGuard  which is a cloud-based  always-up-to-date technology that stays abreast of the newest keylogging malware. It scans for threats using 40 malware databases to keep your computer and privacy secure. The software also includes tools to secure the hardware elements of your PC or laptop  such as the webcam and microphone.  This keylogger protection software battles all types of keyloggers  including those that obtain your personal information from the clipboard. It also blocks the technologies people use to turn on your webcam to spy on you and the applications that record from your microphone to gather private VoIP conversations. Many anti-keyloggers use virtual keyboards in an attempt to circumvent keyloggers; however  screen-capturing malware can obtain passwords using this method. Zemana can identify and block screen-capturing malware.  Zemana also has the ability to combat stealth malware that attempts to alter your system. This anti-keylogger actively monitors things such as rootkit installations  thread context  physical memory access  hooks  remote threads  DLL injections  kernel driver loading and system registry modifications. If the software notices anything suspicious  it will ask you if the process is something you purposely want to allow access. It can also identify purposely installed spyware or keylogger software. Keylogging or spyware software is often intentionally installed by suspicious loved ones or curious associates. Sometimes it is used to steal passwords  and other times to verify doubts. Zemana can discover and block this type of software to keep your private life private.  While turning on your webcam may not be able to steal your passwords  it is a critical threat to block. Zemana is one of the first anti-keylogging software to provide protection against this type of malware. Sadly  this type of threat does exist  and unsuspecting PC users â€“ and even children â€“ have been monitored and spied on. We recommend that you cover the camera when it's not in use and that you use a product such as Zemana to block access. Zemana can keep your private video conversations truly private.  Since Zemana is intended to add an additional layer of protection rather than replace antivirus software  it has been extensively tested for compatibility with popular security software. Unlike most software vendors that claim their software is compatible with most security software  Zemana actually publishes a list of the software it has tested AntiLogger with. Zemana has been tested while running with nearly 50 security products and has been proven to successfully work with Trend Micro  Webroot  Kaspersky  ESET  AVG  Bitdefender  F-Secure and Avast. Compatibility tests were run using Windows XP  Vista  7 and 8  both the 32- and 64-bit versions. AntiLogger is even compatible with the keystroke encryption software KeyScrambler. AntiLogger only requires 50MB of disk space and 256MB of memory to run.  Zemana can successfully block financial malware  in-the-wild keyloggers  installed keylogger software and hardware access. It works with most major security products and runs on all Windows-based operating systems  including 64-bit versions of Windows 7 and 8. This anti-keylogger software is at the top of its game and is one of the best keylogger protection applications on the market.   We decline any responsibility on the use you will have with our products. Product sold for informational purposes only.  Everyone is free to choose their use...,Non functional items will be refunded.,Comments (0),
20 carding videos + 55 methods cashout cc to btc,ORIGINAL 20 CARDING VIDEOS + 55 METHOS CASHOUT CC TO BTC +45 GB 6k/Day + 12.000 METHODS    FREE BONUS ITEMS FOR LEAVING POSITIVE FEEDBACK   Welcome  are you ready to make some serious cash? Enough buying this garbage  get your hands on REAL SHIT   What to expect from us? Only the BEST quality material  ready to use Our goal? YOU MAKING SERIOUS CASH NOW LETS MAKE MONEY BABY  -  PACKAGE -   VIDEO 1 - Stay Anonymous  changing socks5/location the right way My TOP 15 socks providers INCLUDED   VIDEO 2 - Connecting to RDP the right WAY   VIDEO 3 - 10 Best Places to Buy Bitcoin  VIDEO 4 -Need to Know Basics of Carding  VIDEO 5 - How to Card where to start  VIDEO 6 - Carding 101  VIDEO 7 - Cashing out CC in front of YOU  making 250 in 15 minutes  VIDEO 8 - Carding WITHOUT CC  VIDEO 9 - EASY Cell Phone Carding  VIDEO 10 - Simple VPN Carding  VIDEO 11 - Basic Amazon Checkout Method  VIDEO 12 - Stripe Cahout  VIDEO 13 - Cashing out PAYPAL accounts  200 sent in less,No refunds.,Comments (0),
anonymous parcel locker ðŸ‡¦ðŸ‡º australia ðŸ‡¦ðŸ‡º,Fear of doxxing? Worried about sloppy vendors having your name or address (even 10 years from now)? Worried about the cops knocking on your door? Looking for a fool proof way of shielding your identity? Congrats! You found it!  Parcel lockers are still one of the best way to take delivery anonymously. We've been using them for years and swear by them.  So what you get:  One login account to Auspost (i.e. email  password).  One email account so you can check if you've received a parcel without having to log into Auspost.  One ready-made parcel locker just for you - (Optional. If you do not specify a location for the locker  we will set up a random one that you can delete if you like)  The ability to create many more parcel lockers from the same auspost account.  The mobile number we used to set up the alias account. (Optional at extra cost). A SIM card with the above number. You can use this as a burner SIM if you like. We will tell you how to put money on it. (Optional at extra cost). The drivers licence details we used to verify the locker. This is unique to your locker and consists of full name  DOB  licence number and state. You are free to use it for whatever purpose you want.  FAQ:  0. How do these things work?  - We set it up and do the ID verification. For operational details  see Australia Posts website at auspost.com.au 1. Don't I need the SIM card to operate the locker? - No. Most people just use the email account. 2. Can I start using the locker straight away? - Yes. 3. Is it good for domestic/International? - Perfect for domestic. For international  they have the same success rate as PO Boxes. Aus customs are anal  so good stealth goes a long way. 4. What if a parcel is redirected to the local post office (if  for example  the lockers are all full when my parcel arrives? - There is a method  and we'll show it to you if you buy from us. 5. Are there any ongoing costs involved in operating a locker? - None whatsoever. 6. Can I set up multiple lockers in my account? - Yes. One in every city if you like. You can add and delete lockers at will without triggering further ID verification. 7. Can I change the mobile number on the Auspost account without triggering an ID verification? - No. This is change from their old policy. Cannot be done any more.  8. How come you charge so much for the SIM? - Because it becomes equivalent to a burner SIM  and it takes more work to set it up. If you want a burner SIM  consider buying without SIM here  then buy a BYO burner SIM on our other listing. Of course  if you want your burner connected to the locker  you'll need to buy it on this listing.  That's it! Place an order today and get your locker details within 12 hours! We aim to provide Incredible service. If you have any questions  please message us.  If you have any issues with the locker(s) - not that we expect you will since it's all very straight forward - then please message us here. We've been using them for years and know pretty much all there is to know about them.,We guarantee full satisfaction!,Comments (0),
fbi hacking and forensic toolkit hack into phone,INSTANT DELIVERY TO YOUR INBOX  Welcome   This professional software worth THOUSANDS OF DOLLARS. for retrieving data  bypassing passwords  decrypting passwords for computers phones extracting data from computers and phones including passwords  deleted files  encrypted files  credit card numbers and more. ALL THIS sofware is Legitimate and worth thousands of dollars  -----  Instant Delivery for instant delivery  please dont write anything in the buyer notes.  These are some of the programs includes: Oxygen Forensics: http://www.oxygen-forensic.com/en/ Retrieve deleted texts bypass phone lock screens and more Finds passwords to encrypted backups and images Disables screen lock on popular Android OS devices Extracts data from clouds: iCloud  Google  Microsoft  etc. Offers import and analysis of call data records  Passware forensics: https://www.passware.com/kit-forensic/ Allows you to hack over 280 file types this works with elcomsoft software together. Hack all files Instant,No refunds.,Comments (0),
easy cardable low security website list 10 000,INSTANT DELIVERY TO YOUR INBOX  THIS LIST OF 10000 SITES WILL KEEP YOU BUSY FOR A LONG TIME.  STOP FAILING AT THE MAJOR BULLSHIT SITES AND START WHERE THE PROS DO.    CHECK OUT THE REST OF MY DIGITAL DISCOUNT MEGA STORE FOR MORE DEALS ON EVERYTHING DIGITAL AND THE BEST PRICES ON THE DARK-WEB MARKETS. GUARANTEE!,No refunds.,Comments (0),
watch me cashout credit card in front of you,INSTANT DELIVERY TO YOUR INBOX  Watch me cashing out CC right in front of your eyes.  COPY ME and make some   Don t BUY crap outdated guides  get a real VIDEO TUTORIAL and never look back    Probably many PRO carders know this method but they DONT want you to know it because its a REAL CASH MACHINE   Video content:  1 Checking socks if blacklisted  2 Carding 3 Getting pure 1000 in bitcoins in 1hr  5 Rinse and repeat    NOTE :  The site that i card in the VIDEO is down because it has been cashed out BUT i will give exact hint how to find new sites  they are plenty on the web   You will WOUCH me GUARANTEEEED,No refunds.,Comments (0),
destroy all tracks - secure eraser professional,Secure Eraser Professional Edition 5.000 Retail Multilingual  Erase Your Documents and Drives Securely.  Because itâ€™s been deleted from your hard drive  doesnâ€™t mean itâ€™s gone forever. As long as the information was not overwritten  anyone can restore it at any time. It gets even more complicated  if a computer has been resold or given away.  Secure Eraser uses the most renowned method of data disposal and overwrites sensitive information in such a sure way that it can never be retrieved â€“ even with specialized software. Our multiple award-winning solutions for definitively destroying data also eliminate any cross-references that could leave traces of deleted files in the allocation table of your hard drive.  This easy-to-use Windows software will overwrite sensitive data even up to 35 times â€“ regardless of whether they are files  folders  drives  recycle bin or traces of surfing. You can also delete files that have already been deleted  but this time for good.  Secure Eraser not only overwrites using random data  it offers the approved US Dod 5220.22-ME and U.S. DoD 5220.22-MECE standards from the US Department of Defense  the German industrial standard and the Peter Gutmann standard. All deletions are logged in details upon request.   We decline any responsibility on the use you will have with our products. Product sold for informational purposes only.  Everyone is free to choose their use...,Non functional items will be refunded.,Comments (0),
one click mac address changer,INSTANT  DELIVERY TO YOUR INBOX    This is the easiest and most effective Mac Address changer on the market.,No refunds.,Comments (0),
erase all evidence - super eraser 5.0 business,Super Eraser 5.0 Business + Portable / AdvancedPE  Best security eraser with US Army standarts  DoYourData Super Eraser - Ñ€owerful data erasure software to permanently erase files/folders  wipe hard drive data  wipe unused disk space or erase data on storage media. DoYourData Super Eraser  easy-to-use yet powerful data erase software  is designed for permanent data erasure. It provides easy and secure solution to permanently wipe hard drive data  erase selected files/folders and wipe unused hard disk space. It also can permanently wipe data on storage media like USB drive  memory card  digital camera  SD card  external hard drive etc.  Three Data Erasure Modes * Erase Files/Folders - selectively and permanently erase files and folders from hard drive or storage media. * Wipe Hard Drive Partition - completely wipe entire hard drive partition/device to wipe all existing/lost data and traces on the partition or device. * Wipe Free Disk Space - securely wipe unused disk space and erase all the lost data or traces on your hard drive without affecting your existing files.  Secure Data Destroy & Wipe Solution DoYourData Super Eraser Business is fully capable of erasing selected data with fully certified standards (HMG Infosec  DoD  US Army AR  Peter Gutmann) without affecting the service life of the device. We promise that the erased data is lost forever  can't be recovered by any data recovery software or manual service.  Avoid SecurityThreats with Super Eraser Business If the important data falls into the wrong hands  it could lead to loss of business  privacy  property  reputation or even lead to crime. It is strongly recommended to permanently destroy sensitive data before selling  recycling  donating  lending  throwing away your computer or other device with DoYourData Super Eraser Business.  We decline any responsibility on the use you will have with our products. Product sold for informational purposes only.  Everyone is free to choose their use...,Non functional items will be refunded.,Comments (0),
cc validator ++ ipbin ++ bin checker ++bin search,INSTANT DELIVERY TO YOUR INBOX  Validate  Verify  Check Credit Card or Debit Card Number  This checker will support all major credit and debit card brands: VISA  MasterCard  American Express  Diners Club JCB  Voyager  Once you type in just the number of the card it will give you this information: BIN   Account Number   Checksum   BIN Details Details for BIN  BIN   Issuing Bank   Card Brand   Card Type   Card Level   ISO Country Name   ISO Country A2   ISO Country A3   ISO Country Number   Issuers Website   Issuers Contact    Combo IP/BIN Checker and Validator   IP/BIN Checker tool is designed to check a possibility of fraud for credit card transactions. The IP address is used to find the customers current location while the bank identification number BIN identifies the card issuing bank and its country of issuance. Both checks will allow specific combinations of two countries thus identified whether the transaction to be accepted or rejected.  Both IP address and Bank,No refunds.,Comments (0),
apple pay carding guide make thousands updated,â˜…â˜…â˜…â˜…INSTANT  DELIVERY TO YOUR INBOXâ˜…â˜…â˜…â˜…  I would first like to introduce myself. My name is breadsdrugged I have spent more than 5 years making money online with sly methods.  I have always found the darkweb interesting and I have stepped in to sell methods.  You see many methods of $1 of which 90% is qualitatively not good. I love to deliver true quality for premium prices.,No refunds.,Comments (0),
-== avast antivirus package ==-,Avast Internet Security 2017 includes an antivirus  a robust firewall  a simple spam filter  and a wealth of bonus features. Depending upon your needs  though  a less expensive Avast product could be more cost effective.  *NOTES* :  - There are no refunds/exchanges after purchase. - Do not change any details of this account!,No refund,Comments (0),
norton 360 with lifelock ultimate plus,349.99  Annual Subscription Price  1 year,,Comments (0),
[DD] ccleaner business pro edition serial key instant,Welcome   For Windows and MAC CCleaner Business Pro Edition removes cookies  temporary files and various other unused data that clogs up your operating system. This frees up valuable hard disk space allowing your system to run faster.  CCleaner's patented technology gives you healthier  optimized PCs. So you can get on with doing what you do best â€“ running your business.  Removing this data also protects your anonymity meaning you can browse online more securely. The built in Registry Cleaner fixes errors and broken settings to make your computer more stable.  Because I'm a new user in this community  I'm trying your trust and I'm selling CCLEANER Business Pro Edition + serial key at a very special low price. In the future this guide will be sell at a higher price. HURRY UP!!!!  Thanks for everybody for the amazing support and for contributing for this huge success.  In your service   Team rvaska,Allowed,Comments (0),
netgate registry cleaner - clean all traces,NETGATE Registry Cleaner cleans and defragment your registry  speed-up your PC  removes unneeded files on disks  removes activity traces. It includes Startup manager to manage programs started at Windows startup and Uninstall manager for handy applications uninstall. Supports scheduling of scans and backup option for better security.  Traces Removal:      Recent Documents List     StartMenu Run List     Windows Media Player Recent File List     Last Visited     OpenSave Files     MS Paint Recent Files     MS Wordpad Recent Files     Internet Explorer Typed Urls     Internet Explorer Saved Passwords     Firefox Urls/Saved Passwords     Firefox History     Search Assistant     Firefox Cookies     Opera Cookies     Internet Explorer Cookies     MS Office Recent Files     MS Word Recent Files     MS Excel Recent Files     MS PowerPoint Recent Files     Adobe Reader Recent Files     Nero Burning ROM Recent Files     Direct X Recent Apps     QuickTime Recent Movies     RegEdit Last Key     RealPlayer Recent Clips,Non functional items will be refunded.,Comments (0),
trojan remover 6.9.4.2943 final + cracked-snd,Best antimalware program. Stay safe on Darknet.  Trojan Remover aids in the removal of Malware - Trojan Horses  Worms  Adware  Spyware - when standard anti-virus software either fails to detect them or fails to effectively eliminate them. Standard antivirus programs are good at detecting this Malware  but not always good at effectively removing it.  Trojan Remover runs on Windows 10  Windows 8/8.1  Windows 7  Windows Vista and Windows XP.   The majority of Virus and Trojan Scanners are well able to detect malicious software - Trojan Horses  Internet Worms  Adware/Spyware etc. - but are not always very efficient in removing them once they have been triggered.  Trojan Remover is designed specifically to disable/remove Malware without the user having to manually edit system files or the Registry. The program also removes the additional system modifications some Malware carries out which are ignored by standard antivirus and trojan scanners.  Trojan Remover scans ALL the files loaded at boot time for Adware  Spyware  Remote Access Trojans  Internet Worms and other malware. Trojan Remover also checks to see if Windows loads Files/Services which are hidden by Rootkit techniques and warns you if it finds any.    We decline any responsibility on the use you will have with our products. Product sold for informational purposes only.  Everyone is free to choose their use...,Non functional items will be refunded.,Comments (0),
â™š securitys best hacking guide â™š,â™š Securitys Best Hacking Guide â™š  Securitys Best Hacking EBooks  List of this Product  5-best-practices-to-make-security-everyones-business GEEKBOY.IR Applied_Network_Security_GEEKBOY.PRO CEH Certified Ethical Hacker Practice Exams  Third Edition CEH v9 â€“ Certified Ethical Hacker Version 9 Practice Tests GEEKBOY.IR CEH v9 Certified Ethical Hacker Version 9 Study Guide  3rd Edition GEEKBOY.IR Certified Ethical Hacker (CEH) Foundation Guide GEEKBOY.IR CISA â€“ Certified Information Systems Auditor Study Guide GEEKBOY.IR CISSP (ISC)2 Certified Information Systems Security Professional Official Study Guide 7th Edition CompTIA Security+ Certification Practice Exams  Third Edition (Exam SY0-501)_GEEKBOY.PRO DDoS Attacks Evolution  Detection  Prevention  Reaction  and Tolerance Ethical Hacking 101 How to conduct professional pentestings in 21 days or less! Volume 1 GEEKBOY.IR Hacking the Hacker Learn From the Experts Who Take Down Hackers GEEKBOY.PRO Kali-Linux-Web-Penetration-Testing-Cookbook-GEEKBOY.IR Mastering_Kali_Linux_for_Web_GEEKBOY.PRO Network Security Assessment Know Your Network  3rd Edition Network Security Assessment Know Your Network  3rd Edition Nmap  Network Exploration and Security Auditing Cookbook - Second Edition NTP Security A Quick-Start Guide GEEKBOY.IR Securitys Hacking Guide SSCP Systems Security Certified Practitioner All-in-One Exam Guide  2nd Edition Ultra_Hackers_Training_Kit - GEEKBOY.IR  And Much More..!! Why Buy from us: - We deliver full support on all of our products  So if you have any questions please let us know. - All our guides work world wide - You will get a 100% satisfaction guarantee  so if you are not 100% satisfied with your purchase we will refund your order. - If you leave positive feedback you will get a product of your choosing for free. - Instant delivery.  If you have any questions please let us know.,Please don't forget to release the order and feel free to leave feedback. if you have any issue please contact me first   Have a nice day,Comments (0),
change your mac by one click - must have for secur,Changing of MAC address is one of most important things when you carding or doing other things on Darknet. This software allow you do that on very professional way by one simple click.  It's easy   revertible and secure.   We decline any responsibility on the use you will have with our products. Product sold for informational purposes only.  Everyone is free to choose their use...,Non functional items will be refunded.,Comments (0),
-==  mcafee total protection ==-,With the McAfee Total Protection product  you get the premium antivirus  identity and privacy protection you need for your PCs.  *NOTES* :  - Guaranteed 1 Open spot to protect your device. - There are no refunds/exchanges after purchase. - Do not change any details of this account  It will stop working!,No refund,Comments (0),
2023 easy one click mac address changer,INSTANT  DELIVERY TO YOUR INBOX    This is the easiest and most effective Mac Address changer on the market.,No refunds,Comments (0),
fbi hacking and forensic toolkit hack into phone,INSTANT DELIVERY TO YOUR INBOX  Welcome   This professional software worth THOUSANDS OF DOLLARS. for retrieving data  bypassing passwords  decrypting passwords for computers phones extracting data from computers and phones including passwords  deleted files  encrypted files  credit card numbers and more. ALL THIS sofware is Legitimate and worth thousands of dollars  -----  Instant Delivery for instant delivery  please dont write anything in the buyer notes.  These are some of the programs includes: Oxygen Forensics: http://www.oxygen-forensic.com/en/ Retrieve deleted texts bypass phone lock screens and more Finds passwords to encrypted backups and images Disables screen lock on popular Android OS devices Extracts data from clouds: iCloud  Google  Microsoft  etc. Offers import and analysis of call data records  Passware forensics: https://www.passware.com/kit-forensic/ Allows you to hack over 280 file types this works with elcomsoft software together. Hack all files Instant,No refunds,Comments (8),m******: super speedy delivery and a whole lot of educational goodies. THANKS YOURE THE BESTc******: THANKSr*********: goode*******: Instant delivery. All links working.m*********: FIRE TOOL THANKS SO MUCH A++b************: Thank you bro! Instantly delivered as promised and loaded with insane amounts of awesome info  tuts  and links....AMAZING! I'll def be back for more business with you my friend!m********: instant delivery to inbox as advertised.j********: I wish I had this before I bashed my wifes cell phone.  Thank you!
opsec trainings and setup,Operational Security (OpSec) ============================  Price for one day! (man/day)   ---------------------------- - Content full training - ----------------------------  Target of the service is to: - make you fully security aware   - capable to clearly define valuable assets  information  processes  personnel and similar  - define vulnerabilities - from whom and how to protect it  - control of activity emissions - circles of trust - know your adversaries  their capabilities  resources and determination  - deception techniques - personality compartmentalization techniques  to be able effectively withstand long-term personality compartmentalization stress  - have well designed contingency plans and business continuity plans for all defined situations.  At the end of the day  you will have a very clear  strong and highly resistant security posture  with early warning deception trigger traps in place.    ----------------- - Conditions - -----------------  - You and us will be available fully committed to the task for the agreed time online on email and chat  unless mutually agreed otherwise. In case of any issue  contact us through encrypted AND signed assigned email before the scheduled time. If no information is passed to us  you pay also for the time you are not available. - Tails is a preferable tool for this task. If you are capable to use Qubes  even better.  - All communication will take place through encrypted and anonymous channels using PGP in case of email (preferable) and/or qTox in case of chat or/and Bitmessage. All communication MUST be encrypted AND signed (PGP).  - Use hidden services email with .onion so that you are not unnecessarily exposed to the clearnet.  - We DONT send you files or links ever  with this OpSec training.  - IMPORT OUR PUBLIC KEY AND CHECK SIGNATURE OF EVERY MESSAGE FROM US! World is a hostile place.  Drop us a message and we will adjust the training based on your skills and goals and estimate the time needed to get it done. This consulting and setup will take more than one day. Try to keep the training flow uninterrupted. Dont take a day off during the training please. You will forget what was the topic  it will slow down the whole process and at the end  you will pay more.,It is consulting service and cant be refunded.,Comments (0),
kaspersky total security license and key for 1 dev,Kaspersky is one of the most well-known brands in the computer security industry and its products consistently perform well on tests conducted by reputed independent testing companies  such as AV-Test and AV Comparatives. In 2016  Kaspersky Internet Securitywhich uses the same malware protection as the antiviruscaught 100% of prevalent viruses and 100% of zero day viruses.,,Comments (0),
packstation ohne regstierung von id,Wie viel ist dir deine IdentitÃ¤t wert ?  MÃ¶chtest du im Darknet einkaufen und es in die Packstation liefern lassen dann bequem mit deinrt Karte abholen ?  Dann bist du hier genau richtig !   eine komplette anleitung wie du DHL Packstation karte bekommst auf einen Namen deiner Wahl ohne dich Identifizieren zu mÃ¼ssen im Jahr 2023 lebenslaenglich  10 EUR promo ab 15.2 kostet das Packet 50â‚¬  Safty First By DRUGMAZON,Keine da es funktioniert,Comments (4),"f**************: topd*********: schnell geliefert danke euchn*********: Danke ! jetzt kann ich bedenkenlos meine "" lieferungen "" erhalten und falls es auffÃ¤ltt ist es mir relativ egal hahahahh*******: Super Service."
pia vpn,PIA VPN PIA VPN  9 Month Protect your online privacy with the worlds leading VPN,,Comments (0),
learn wi-fi password penetration testing wep  wpa ,Learn Wi-Fi Password Penetration Testing WEP  WPA  WPA2    46+ Videos to teach you how to hack and secure Wi-Fi WEP  WPA  WPA2  WPA/WPA2 Enterprise  ----  What will you Learn?  - Have a good understanding of how networks operate  - Understand how devices communicate with each other in a network  - Discover wireless networks within range  - Gather information about wifi networks  - Discover connected devices to each wifi network within range  - Disconnect any device from any network within range  - Learn the main weaknesses of WEP encryption and how it can be cracked  - Launch interactive packet reply attack to crack WEP encryption  - Launch chopchop reply attack to crack WEP encryption  - Launch fragmentation attack to crack WEP encryption  - Learn WPA/WPA2 weakness and the theory behind cracking it  and more  Complete description : textup.fr/465711Jn,-,Comments (0),
