Heading,Tab1,Tab2,Price,Stats,Comment,CommentInfo
sqli dumper v.10 pro,SQLi Dumper v.10 Pro  SQLi Dumper v.10 Pro     Designed to be automated to find and exploit web security vulnerabilities in mass from worldwide It is robust  works in the background threads and is super faster. Uses an advanced search engine with 10 different online search services.   SQLi Dumper Features:   Suports 20 methods of SQL Injection  Suports Multi. Online search engine to find the trajects  Automated search for data in a bulk URL list  Automated analizer and dumper with custom injections points URL  POST  Cookies  UserLogin or UserPassword  Dumper suports dumping data with multi-threading databases/tables/columns/fetching data  Exploiter  Analizer and Dumper suports up to 50x separeted threads  Advanced WAF bypass methods  Advanced custom query box  Dumper can dump large amounts of data  with greats control of delay each request  Easy switch vulnerabilities to vulnerabilities internal database  Suports proxies list  GeoIP database  Advanced Trash System works with m,,136.80 USD,2557 190 0,Comments (0),
vmware latest version licence lifetime,VMware Latest version Licence Lifetime,,136.80 USD,2557 190 0,Comments (0),
antidetect 7.3 + fraudfox vm +4000configs 2023,INSTANT DELIVERY TO YOUR INBOX  ANTI DETECT BROWSER  Anti detect is perhaps considered the best and secure browser in the world because of its many features including  ?BROWSER FINGERPRINT  WHAT IS A BROWSER FINGERPRINT?   Browsing fingerprinting is a term used to describe the collection of data to give a user  or client  a unique identifier. A simple example of data used to create unique fingerprints would be a user agent string. This data is often included in fullz profiles.  However  a browser fingerprint is not at all limited to user agent strings This is just one of many unique identifiers that can and will affect your transactions.  HOW DO WEBSITES USE FINGERPRINT  Other variables such as Flash version  keyboard layout  language settings  MIME settings  time zone  OS version  browser extensions  screen resolution  and many others are collected and organized to build profiles to verify the authenticity  of returning users. Companies such as MaxMind  SAS  and ProScore s,No refunds.,5.70 USD,1908 128 0,Comments (0),
latest antidetect 7.3 +4000 configs 2023,INSTANT  DELIVERY TO YOUR INBOX  ANTI DETECT BROWSER  Anti detect is perhaps considered the best and secure browser in the world because of its many features including  ?BROWSER FINGERPRINT  WHAT IS A BROWSER FINGERPRINT?   Browsing fingerprinting is a term used to describe the collection of data to give a user  or client  a unique identifier. A simple example of data used to create unique fingerprints would be a user agent string. This data is often included in fullz profiles.  However  a browser fingerprint is not at all limited to user agent str ings This is just one of many unique identifiers that can and will affect your transactions.  HOW DO WEBSITES USE FINGERPRINT  Other variables such as Flash version  keyboard layout  language settings  MIME settings  time zone  OS version  browser extensions  screen resolution  and many others are collected and organized to build profiles to verify the authenticity of returning users. Companies such as MaxMind  SAS  and ProScore se,No refunds.,5.70 USD,1908 128 0,Comments (0),
ultrabox portable,Portable version - take with you   leave no traces.,Non functional items will be refunded.,2.26 USD,4263 133 0,Comments (0),
internet download manager - 5x faster downloading,Internet Download Manager v6.25. Added Windows 10 compatibility. Fixed compatibility problems with different browsers including Internet Explorer 11  all Mozilla Firefox versions up to Mozilla Firefox Aurora  Google Chrome. Improved FLV grabber to save videos from web players on web pages  Google Video  MySpace TV  and other popular sites  Internet Download Manager (IDM) is a tool to increase download speeds by up to 5 times  resume and schedule downloads. Comprehensive error recovery and resume capability will restart broken or interrupted downloads due to lost connections  network problems  computer shutdowns  or unexpected power outages. Simple graphic user interface makes IDM user friendly and easy to use.Internet Download Manager has a smart download logic accelerator that features intelligent dynamic file segmentation and safe multipart downloading technology to accelerate your downloads. Unlike other download managers and accelerators Internet Download Manager segments downloaded files dynamically during download process and reuses available connections without additional connect and login stages to achieve best acceleration performance.  Internet Download Manager supports proxy servers  ftp and http protocols  firewalls  redirects  cookies  authorization  MP3 audio and MPEG video content processing. IDM integrates seamlessly into Microsoft Internet Explorer  Netscape  MSN Explorer  AOL  Opera  Mozilla  Mozilla Firefox  Mozilla Firebird  Avant Browser  MyIE2  and all other popular browsers to automatically handle your downloads. You can also drag and drop files  or use Internet Download Manager from command line. Internet Download Manager can dial your modem at the set time  download the files you want  then hang up or even shut down your computer when it's done.  Other features include multilingual support  zip preview  download categories  scheduler pro  sounds on different events  HTTPS support  queue processor  html help and tutorial  enhanced virus protection on download completion  progressive downloading with quotas (useful for connections that use some kind of fair access policy or FAP like Direcway  Direct PC  Hughes  etc.)  built-in download accelerator  and many others.  Version 6.25 adds Windows 10 compatibility  adds IDM download panel for web-players that can be used to download flash videos from sites like MySpaceTV  and others. It also features complete Windows 8.1 (Windows 8  Windows 7 and Vista) support  video page grabber  redeveloped scheduler  and MMS protocol support. The new version also adds improved integration for IE 11 and IE based browsers  redesigned and enhanced download engine  the unique advanced integration into all latest browsers  improved toolbar  and a wealth of other improvements and new features.  Full version    We decline any responsibility on the use you will have with our products. Product sold for informational purposes only.  Everyone is free to choose their use...,Non functional items will be refunded.,2.26 USD,4263 133 0,Comments (0),
photomizer 3 - optimize and repair digital photos,Optimize and repair digital photos  Photomizer 3 – The test winner is even better now!  The possibilities of picture editing are nearly unlimited- but unfortunately often even for professionals very complicated. There is a simple and super-efficient solution: Photomizer 3  the follower of the test winner! More features  a more accurate automatic and a faster engine make picture editing even more easily.  Boring and broken photos are a thing of the past!  And that does not only work for individual photos  but also for large amounts of images: save a profile quickly and immediately optimize even thousands of photos in one go. This makes the Photomizer 3 the fastest Photomizer ever.  Photomizer 3 even optimizes scans of old dias and paper prints without any problems. It does not matter if a photo is denoised or if there are artefacts or cracks on a photo: The software can fix those bugs automatically...  Photomizer 3 automatically sets parameters like exposure  contrast and colour saturation. Noise and artefact filters are new features of the software. A great feature of Photomizer 3 is an easy to understand tool in order to achieve detailed and colour intense images.  Perfect settings  Photomizer 3 optimizes your photos automatically. Thereby  the software considers the aspects of colour adjustment  object recognition  redistribution of tonality  white balance  resharpening and setting of shades  saturation  contrast optimization and the bright/dark correction. Furthermore Photomizer 3 adjusts the settings to the visibility of details and colors  to compensate for matte colors  to eliminate bloom  fog and other adverse weather influences. And it eliminates unwanted color casts. Great variety of input formats  In addition to the ususal formats jpg  bmp and tiff  Photomizer 3 also supports many exotics  including a lot of RAW formats: jpeg  tif  gif  png  jxr  hdp  wdp  ico  raw  orf  3fr  raf  nrw  dng  arw  nef  x3f  srw  pef  rw2  mrw  mdc  mef  dcr  erf  crw  mos  cr2  sr2 and raw of course. The perfect converter! Supported output formats:  Photomizer 3 stores photos in all leading formats: in the most popular formats jpg and png for all Web applications  mobile devices and for playback on screens  as bitmap (bmp) for permanent archiving in high resolution and a wealth of detail - and as a tiff  gif and jxr (jpeg jxr). Noise filter/ Denoise  Photomizer 3 is the absolute denoise professional: it effectively and automatically removes disruptive noise  for example for snapshots under unfavourable light conditions. Rotation  The photo is twisted? No problem  just rotate it into the correct position! Batch conversion  Photomizer 3 automatically edits complete collections of images on one mouse click. The batch mode handles even thousands of photos in one step – as swift as an arrow. If requested  all original paths are kept during storage. Non-destructive image editing  With Photomizer 3 nothing gets lost. The original photo remains unchanged in all steps. Manual optimization  Did you discover one more detail? Photomizer 3 provides also the possibilities for the individual post processing of individual images - even in full-screen mode. Statistics function  The statistics function provides you an overview of how many photos were already optimized. EXIF/GEO  Reading and displaying of EXIF- and GEO-data from digital camera photos. Fake-HDR function  Create HDR-similar images with one single photo!   We decline any responsibility on the use you will have with our products. Product sold for informational purposes only.  Everyone is free to choose their use...,Non functional items will be refunded.,2.26 USD,4263 133 0,Comments (0),
atlantis word processor portable,Portable alternative for Word. Take you work with you secured on USB flash.,Non functional items will be refunded.,2.26 USD,4263 133 0,Comments (0),
glary utilities pro,Glary Utilities Pro 5  * Provides a one-stop solution for PC performance optimization  * Boosts PC speed and fixes frustrating errors  crashes and freezes  * Features one-click functionality and easy  automated options  * Protects your privacy and makes your computer faster and cleaner,Non functional items will be refunded.,2.37 USD,1876 124 0,Comments (0),
android emulator - must have for every proof,BlueStacks is an easy to use and powerful App Player which is designed to run Android OS and apps on Windows PCs with instant switch between Android and Windows. No reboot is required. End consumers can now enjoy their favorite Android apps on Windows PCs. Android apps can appear either as icons on the Windows desktop  or within a full-blown Android environment. BlueStacks helps PC manufacturers to ride the Android momentum by enabling Android apps on x86-based tablets  netbooks  notebooks  convertibles and AiO Windows PCs.  With the new hybrid convertible form factors  BlueStacks completely eliminates the need to carry two devices. The end consumer benefits from getting both Android and Windows at the price of a single PC.  The seamless user experience  simultaneous use of Android and Windows apps  and multi-touch enablement are built on ground breaking virtualization technology which requires zero configuration and is transparent to the end consumer.  Once installed and launched  this application displays 10 pre-loaded applications  with a dedicated option to allow its users download new ones from the Internet. There is no separate configuration screen  but only a few options  so you shouldn't spend too much time setting up the program.  BlueStacks can run the Android apps in full-screen  with very fast loading times and with absolutely no errors. Most of the games can be controlled by mouse  just like you'd do on your typical touschscreen mobile phone.  Another feature that's worth mentioning is the so-called BlueStacks Cloud Connect  a separate tool designed to allow users push their applications from the Android device to the PC and thus access them on the computer.  The software integrates seamlessly with Citrix and Microsoft software delivery infrastructure and with Citrix's Enterprise App Store. With BlueStacks  enterprise IT can deliver Android apps securely and effortlessly to any end point running Windows.  This app runs on low resources and works just fine on Windows 10  but there are some minor compatibility issues on older systems  which means it may fail to load on Windows XP and Vista.  Bluestacks v2.3.29.6222,Non functional items will be refunded.,2.26 USD,4264 133 0,Comments (0),
apple pay carding guide make thousands updated,★★★★INSTANT  DELIVERY TO YOUR INBOX★★★★  I would first like to introduce myself. My name is breadsdrugged I have spent more than 5 years making money online with sly methods.  I have always found the darkweb interesting and I have stepped in to sell methods.  You see many methods of $1 of which 90% is qualitatively not good. I love to deliver true quality for premium prices.,No refunds.,5.70 USD,1908 128 0,Comments (1),s***********: Good service
adobe acrobat pro dc 2023 - cracked,Cracked stable version - no activation  Numerous tools are present for creating and editing PDF documents but no tool is mature enough as compared to Acrobat Pro DC. It has a variety of tools and options to perform any kind of PDF editing. This powerful application can efficiently handle every kind of PDF data including images  text  forms  and other data. In addition  this application can convert all the supported text formats to PDF format. The interface of Acrobat Pro DC is very simple and neat  all the options are very easily understandable. Everyone can use this application without any technical knowledge.  You can add comments  bookmarks  signatures  annotations  and other data to the PDF files. Make the files secure and manage the access to the documents. Edit and manage forms  import/export data  extract images  manage pages and perform various other such tasks.  A wide range of templates is also there to instantly create PDF files and modify them as per the needs. A huge bundle of other features is there to make this application more reliable. Features of Adobe Acrobat Pro DC 2017  Some of the notable features of Adobe Acrobat Pro DC are:      Very intuitive user interface     Clear and easily understandable environment     Create and edit PDF files     Convert to PDF formats     Extract content from PDF without losing quality     Add comments  bookmarks  signatures  annotations  and comments     Assign passwords to the images     Create and manage PDF forms     Built-in OCR support     Document Cloud and much more  System Requirements of Adobe Acrobat Pro DC 2017  Before you download Adobe Acrobat Pro DC 2017  make sure that your system meets the given requirements.,Non functional items will be refunded.,2.26 USD,4264 133 0,Comments (0),
activate any windows or office easy and for free,Activation of all version of Windows and Microsoft Office. Process is very simply through software and doesn't need any programmers skill.   We decline any responsibility on the use you will have with our products. Product sold for informational purposes only.  Everyone is free to choose their use...,Non functional items will be refunded.,2.26 USD,4264 133 0,Comments (0),
want to build your dream house,Want to build your dream house? Add a room to your home? Whatever your drawing needs   Home Plan Pro is your best choice. It is so easy to learn how to use  you can begin drawing plans within minutes. Since it is easy to use  you save tons of time.  Home Plan Pro v5.4.1.1,Non functional items will be refunded.,2.26 USD,4264 133 0,Comments (0),
wise care 365 full,Clean registry and junk files from your PCs. Protect your privacy and make your PCs more secure. Provide a better option of optimizing and accelerating your computer!  Over 30 000 000 downloads worldwide  Protect Your System in Real Time  A Comprehensive PC Cleaner  World’s Fastest System Optimization Tool  Your Ultimate Computer Privacy Protector  A Powerful System and Hardware Monitoring Utility,Non functional items will be refunded.,2.26 USD,4264 133 0,Comments (0),
western union and moneygram guide cc/cvv,★★★★INSTANT  DELIVERY TO YOUR INBOX★★★★  This method is the fastest cashout method available at this tine and the easiest. If done right you can cashout multiple times in one day.   Western Union and Moneygram are unable to stop this so take advantage while you still can.,No refunds.,5.70 USD,1908 128 0,Comments (0),
make big money on darkmarkets become vendor guide,INSTANT  DELIVERY TO YOUR INBOX  How to make BIG MONEY on DARKMARKETS 100% WORKING  NO BULLSHIT  step by step guide.  You will learn to sell guides and tutorials in the dark market. I have more than $ 500 a day and sometimes much more using this method. It is easy ... Stop working and get a better life. Easy money for all. Noob friendly.  No long boring lectures here. All I will tell you is this  if you’re the type who feels taking from others is immoral  wrong  harsh  etc  then this isn’t for you. Your best bet is to look for a 9 to 5 or offer your services to a church and don’t bother to reading on.,No refunds.,5.70 USD,1908 128 0,Comments (0),
onion updated deepweb links 16 000+ cream of onion,INSTANT DELIVERY TO YOUR INBOX  THESE ARE THE LATEST AND THE GREATEST OF TOR FOR 2023.  THIS IS THE MOST UP TO DATE AND LARGEST 2023 LIST OF DEEPWEB LINKS ON THE MARKETS. JUNE 1 2023 UPDATED  IF YOU CAN DREAM IT AND CANT FIND IT ON DREAM MARKET THEN YOU WILL FIND IT ON THESE LISTS.  Be careful on the darknet.,No refunds.,5.70 USD,1908 128 0,Comments (0),
build your own darkweb escrow market.,Want a dark web market place?  Full script and instructions for building your own escrow DW market place.  If you get stuck (Although i prefer non noobs to buy this) for a small fee i will help out.  Similar coding is being sold for over $10.000,Only buy off digital products off of us if you know what youre doing  we will help if you get stuck HOWEVER  Any disputing or negative feedback will result in a ban and or no refund/reship.,121.98 USD,2428 201 2,Comments (0),
ashampoo burning studio,Burning just got a lot easier  Discover the best Burning Studio of all time! Clearer  faster and more user-friendly than any Burning Studio before it. More than 500 enhancements throughout all modules and exciting new features such as mosaic covers  recognition of unknown songs  versatile disc ripping and highly improved cover searching will amaze you. And it all looks stunning even on large displays thanks to High DPI Awareness.  Burn files and folders  Disc Spanning with safety mode 	  Enhanced blank disc detection 	  M-Disc support 	  Disc spanning to automatically split huge amounts of data across several discs 	  Create CD/DVD/Blu-ray discs with autostart capability 	  Create data discs with autoplay menus 	  Create CD  DVD and Blu-ray data discs 	  Update existing discs and add/remove files and folders 	  Erase rewritable CD/DVD/Blu-ray discs such as BD-RE and CD-RW discs 	  Burn movies  Support for SRT-based subtitles 	  Free theme downloads 	  More stunning themes 	  Create custom slideshow themes 	  Up to 15% faster encoding 	  Sound effects for videos and slideshows 	  Record from any registered Windows recording device 	  New modern slideshow and disc menu themes 	  Adjust volume and normalize MP3 and WMA files video audio tracks 	  Create custom menu templates 	  Create slideshows 	  Add motion to slides through free camera movement and zooms 	  Cut and split movies 	  Multi-core support for fast rendering and encoding 	  Create video DVD from prepared folder 	  Create video Blu-ray from prepared folder 	  Create Video CD (VCD) 	  Create Super Video CD (VCD) 	  Create disc menus for Video discs 	  Add themes and subtitles to movies 	  Design and print  Retrieve cover images based on MP3 tags 	  Online cover searching also for unknown tracks 	  Fascinating mosaic covers 	  Improved selection of burning settings 	  Powerful user interface enhancements for more productivity such as smart file chooser dialogs 	  Custom user interface skins 	  New modern themes and templates for covers  slideshows and menus 	  Cover Studio: design and print booklets  cases and labels 	  Use your own background image 	  Work safer with auto-save 	  Media analysis 	  Use compact mode to run long burning operations in the background and still receive status notifications 	  New customizable file browser for improved navigation 	  File browser supports custom favorites 	  Access external online sources such as Facebook and Picasa 	  Burn music  Shuffle feature 	  Custom pause lengths 	  Supported file format:APE 	  Create playlists during audio disc ripping 	  Supported file format: OPUS 	  Cover artwork auto-retrieval during audio disc ripping 	  Equalize and adjust frequencies for your music files automatically with the integrated equalizer module 	  Added support for CUE+MP3  CUE+Flac and CUE+Wav 	  Rip to FLAC and OGG 	  Adjust volume and normalize MP3 and WMA files 	  Create audio CDs 	  Create and burn audio CDs from playlists 	  Support for 96kHz sampling 	  Include meta data in audio conversion 	  Export track lists 	  Create MP3 and WMA CD/DVD/Blu-ray discs 	  Extract audio from audio discs 	  Backup files and folders  Backups from mobile devices such as smartphones and tablets (e.g. iPod  iPhone  iPad and Android devices) at the click of a button 	  Create file and folder backups 	  Compress and encrypt backups 	  Disc images  Improved ISO browser with image previews 	  Browse disc images 	  Create disc images from CD/DVD/Blu-ray discs 	  Create disc images from projects 	  Advanced functions  Jump list support for swift access to essential features 	  Define file system (ISO/Joliet/UDF) 	  Create bootable disc 	  Set emulated boot environment 	  Create modified copies of CD/DVD/Blu-ray discs,Non functional items will be refunded.,2.26 USD,4264 133 0,Comments (0),
process lasso.pro cracked - speed up your pc,Windows  by design  allows programs to monopolize your CPU — leading to hangs  micro-lags  freezing (even crashing) and delays in your keystroke and/or mouse actions.  Process Lasso is NOT yet another task manager…  Instead  it is an advanced process priority optimization and system automation utility. It offers process priority optimization  CPU core affinity optimization  power plan automation  automated rules  and so much more; you name it (within this area)  and Process Lasso does it!  It’s most popular feature is the unique process optimization technology called ProBalance (Process Balance) that will improve your PC’s responsiveness and stability by making intelligent dynamic adjustments to the priority class and/or CPU affinity of problematic background processes.  ProBalance will intelligently adjust process priorities and CPU affinities to positively impact the responsiveness of any Windows PC and/or Server (all Windows Server variants).  Process Lasso – Safe  Proven  Time-Tested – Test it for yourself!  We decline any responsibility on the use you will have with our products. Product sold for informational purposes only.  Everyone is free to choose their use...,Non functional items will be refunded.,2.26 USD,4264 133 0,Comments (0),
[DD] rosetta stone (pc and mac) all languages – instant,Welcome   Discover how obtain for FREE the ROSETTA STONE software  Includes all the following languages-  ARABIC 1-2-3 CHINESE MANDARIN LEVEL 1-2-3 RSV3 DUTCH 1-2-3 RSV3 ENGLISH AMERICAN LEVEL 1-2-3-4-5 RSV3 ENGLISH BRITISH LEVEL 1-2-3 RSV3 FILIPINO TAGALOG LEVEL 1-2 RSV3 FRENCH 1-2-3-4-5 RSV3 GERMAN 1-2-3-4-5 RSV3 GREEK 1-2-3 RSV3 HEBREW LEVEL 1-2-3 RSV3 HINDI 1-2-3 RSV3 IRISH 1 RSV3 ITALIAN 1-2-3-4-5 RSV3 JAPANESE LEVEL 1-2-3 RSV3 KOREAN 1-2-3 RSV3 LATIN LEVEL 1-2-3 RSV3 PERSIAN 1-2-3 (Farsi) RSV3 POLISH 1-2-3 RSV3 PORTUGUESE BRAZIL LEVEL 1-2-3 RSV3 RUSSIAN 1-2-3 RSV3 SPANISH LATIN AMERICA LEVEL 1-2-3-4-5 RSV3 SPANISH SPAIN LEVEL 1-2-3-4-5 RSV3 SWEDISH 1-2-3 RSV3 TURKISH 1-2-3  Thanks for everybody for the amazing support and for contributing for this huge success.  In your service  Team rvaska,Allowed,3.41 USD,1643 127 0,Comments (0),
make $20k selling branded counterfeit watches ebay,★★★★★INSTANT DELIVERY TO YOUR INBOX★★★★★  MAKE $20k SELLING BRANDED COUNTERFEIT WATCHES ON EBAY  MAKE OVER $20 000 A WEEK SELLING BRANDED COUNTERFEIT WATCHES ON EBAY - ARMANI  MICHAEL KORS  TISSOT  DIESEL AND MORE - WATCH QUALITY 1 : 1 + BONUS VIDEO HOW TO AVOID SUSPENSION - UPDATED (SEE PICTURES).. I PROVIDE SUPPLIERS ALSO    Do you want to make $20 000-$100 000+ a month and finally have financial freedom?    We will show you how to sell BRANDED counterfeit items on EBAY and stay 100% safe ! Detailed guide step by step with PROOF of earnings OF $1K per day and pictures of items to sell with all the details where to get items!    Easy money to be made here. Once a day go to post office  send your stuff to customers and enjoy your money !    Change your life once and for all and VOUCH us later !    We are currently making $100k+ a month selling this stuff on Ebay NO BS !!! (Proof in Tutorial)   Selling Armani  Michael Kors  Diesel  etc.   If you are serious  this GUIDE will change your life forever !!!   Profit per each sold watch is around $100 - $150   We are getting them for $60 so remember you have to get 1 sale to get your investment back and TRUST me sales are coming in like CRAZY !!!    Once that information is provided you can sell like CRAZY and i mean that ! (Proof inside),No refunds.,5.70 USD,1908 128 0,Comments (0),
windows 10 - guide and software for stop spying,Afraid about Microsoft spying. Windows 10 is full features available to do that. This easy guide will solve this problem. Comes with software to protect your privacy in Win 10.   We decline any responsibility on the use you will have with our products. Product sold for informational purposes only.  Everyone is free to choose their use...,Non functional items will be refunded.,2.26 USD,4264 133 0,Comments (0),
how to safely pass counterfeit money,★★★INSTANT DELIVERY TO YOUR INBOX★★★  This will teach you how to safely pass counterfeit money.,No refunds.,5.70 USD,1908 128 0,Comments (0),
watch me cashout credit card in front of you,INSTANT DELIVERY TO YOUR INBOX  Watch me cashing out CC right in front of your eyes.  COPY ME and make some   Don t BUY crap outdated guides  get a real VIDEO TUTORIAL and never look back    Probably many PRO carders know this method but they DONT want you to know it because its a REAL CASH MACHINE   Video content:  1 Checking socks if blacklisted  2 Carding 3 Getting pure 1000 in bitcoins in 1hr  5 Rinse and repeat    NOTE :  The site that i card in the VIDEO is down because it has been cashed out BUT i will give exact hint how to find new sites  they are plenty on the web   You will WOUCH me GUARANTEEEED,No refunds.,5.70 USD,1908 128 0,Comments (0),
cc validator ++ ipbin ++ bin checker ++bin search,INSTANT DELIVERY TO YOUR INBOX  Validate  Verify  Check Credit Card or Debit Card Number  This checker will support all major credit and debit card brands: VISA  MasterCard  American Express  Diners Club JCB  Voyager  Once you type in just the number of the card it will give you this information: BIN   Account Number   Checksum   BIN Details Details for BIN  BIN   Issuing Bank   Card Brand   Card Type   Card Level   ISO Country Name   ISO Country A2   ISO Country A3   ISO Country Number   Issuers Website   Issuers Contact    Combo IP/BIN Checker and Validator   IP/BIN Checker tool is designed to check a possibility of fraud for credit card transactions. The IP address is used to find the customers current location while the bank identification number BIN identifies the card issuing bank and its country of issuance. Both checks will allow specific combinations of two countries thus identified whether the transaction to be accepted or rejected.  Both IP address and Bank,No refunds.,5.70 USD,1908 128 0,Comments (0),
android carding setup no rooting cashout hacking,★★★★INSTANT DELIVERY TO YOUR INBOX★★★★  THIS IS THE BEST AND EASIEST GUIDE TO MAKING YOUR ANDROID DEVICE A CARDING WEAPON  NO BULLSHIT.  EASY TO SETUP  NO ROOTING YOUR PHONE NEEDED  ALL YOU DO IS DOWNLOAD A FEW APPS AND YOUR ON YOUR WAY TO MAKING SOME MONEY.  ENOUGH FAILING WITH YOUR GUIDES LETS MAKE SOME REAL MONEY$$,No refunds.,5.70 USD,1908 128 0,Comments (0),
blackbullet 2.1.6,Blackbullet 2.1.6,,136.80 USD,2556 190 0,Comments (0),
easy cardable low security website list 10 000,INSTANT DELIVERY TO YOUR INBOX  THIS LIST OF 10000 SITES WILL KEEP YOU BUSY FOR A LONG TIME.  STOP FAILING AT THE MAJOR BULLSHIT SITES AND START WHERE THE PROS DO.    CHECK OUT THE REST OF MY DIGITAL DISCOUNT MEGA STORE FOR MORE DEALS ON EVERYTHING DIGITAL AND THE BEST PRICES ON THE DARK-WEB MARKETS. GUARANTEE!,No refunds.,5.70 USD,1908 128 0,Comments (0),
uber fraud pack make $2500 monthly,INSTANT DELIVERY TO YOUR INBOX   This is VERY EASY to do and use and Replicate so you can literally retire if you have enough accounts getting paid.  This quick and complete guide explains you how to cashout credit cards trough an easy processor.  What is needed to use the method? A solid Bank Drop Rooted Phone Or Android Emulators Created or Hacked Uber accounts   What we will be doing?  We will be using social engineering to get an approved google driver account  then fake rides and get payments into our bank account.  Works in all countries where Uber is.  WORLDWIDE WORKING  You will get these Guides:  Free Rides System  Get Free Rides FOREVER. Hack Ubers Driver System Make thousands Being a Fake UBER DRIVER Use this guide to easily trick Uber into paying you to be a driver while actually not leaving our home Unlimited Uber rides  you will learn how to get free unlimited UBER rides as well.,No refunds.,3.42 USD,4470 134 0,Comments (0),
$2752 ultimate poker cc cashout works worldwide,INSTANT  DELIVERY TO YOUR INBOX  If you are searching for a carding method that:  -Cant get burned -Its all virtual -Makes you super rich  This guide will teach you how to cashout while anywhere in the world using gambling and poker Method involves carding and cashing out easy.,No refunds.,5.70 USD,1909 128 0,Comments (0),
socks5 clean proxy - socks + country + city + zip,VERY IMPORTANT! I will provide the closest socks5 based on your request.  The proxy will usually work for 12 HOURS  more if you are lucky. Plenty of time to do what you need. This is NOT a lifetime proxy! That means if your desired location has a low population with no proxies  I will provide you the closest one up to 15miles-80miles radius. So it is possible you receive proxies from other cities  instead of your chosen one. Remember that when you are chosing a low populated city. YOU HAVE BEEN WARNED!  Please provide as much information as you can. If you leave the buyer message empty  you will receive a random proxy: ========================================================= IP COUNTRY STATE CITY ZIP =========================================================  I am selling private elite SOCKS for any country/state. You will receive the best anonymity and no level of blacklist/spam.  Please make sure to include your Country+State+City of choice in the buyer notes.  If we do not have the one desired by you we will check locations within 30 miles or we will cancel your order and refund your BTC.  We provide residential  secure  clean proxies which can provide an IP address within a few miles of the cardholder.  These proxies cannot be identified as such by merchants and security companies if the fraudster uses them correctly.  Delivery time: 12 - 24 hours,No refunds.,5.70 USD,1909 128 0,Comments (0),
aida64,Best software and hardware diagnostic system.  AIDA64 has a hardware detection engine unrivaled in its class. It provides detailed information about installed software and offers diagnostic functions and support for overclocking. As it is monitoring sensors in real time  it can gather accurate voltage  temperature and fan speed readings  while its diagnostic functions help detect and prevent hardware issues. It also offers a couple of benchmarks for measuring either the performance of individual hardware components or the whole system. It is compatible with all 32-bit and 64-bit Windows editions  including Windows 10 and Windows Server 2016.,Non functional items will be refunded.,2.26 USD,4264 133 0,Comments (0),
office 365 - all versions + activator,Office 365 Home Premium   Pro Plus   Small Business Personal  Office 365 is popular software which is used to produce any document files. This new office delivered fast to all your Windows devices. It included word  PowerPoint  Excel  outlook  One-Note  Access  Publisher. It newest version of the application your recognize and enjoy. Simply you can enjoy all latest features. It compatible for all types windows. Microsoft Office 365 Activation key can installed on 32 to 64 bit operating system. In Microsoft Office 365 user create many types of files. User easily access valuable documents  photo and video using cloud storage. You can also download for Android  Mac and iPad. It is supported for all types of windows. Now this year is 2017 where every one needs something better then previous year.  Online editing and any time share it. Software that can be installed together at any time on multiple devices. It provide friendly interface for any user. You can create annual report  salary sheet and result card etc.  Now this Microsoft Office 365 software new reading mode mechanically place text in columns. You can read thoroughly screen easier. By using Microsoft Office 365 you can make PDF files. It also cooperation stage. It provide complete features such as email system  web access  support for mobile device access etc. This is easy to install and use. Every one has necessary to use it.   We decline any responsibility on the use you will have with our products. Product sold for informational purposes only.  Everyone is free to choose their use...,Non functional items will be refunded.,2.26 USD,4264 133 0,Comments (0),
windows iso download - any version any language,You need installation ISO of Windows 7 8 10 ?  Any version any language directly and fast downloadable to your computer. It's full versions with all Service Packs included.   We decline any responsibility on the use you will have with our products. Product sold for informational purposes only.  Everyone is free to choose their use...,Non functional items will be refunded.,2.26 USD,4264 133 0,Comments (0),
change your mac by one click,Change your MAC by one click - must have for security   Changing of MAC address is one of most important things when you carding or doing  other things on Darknet. This software allow you do that on very professional way by  one simple click.   Its easy   revertible and secure.,,136.80 USD,2557 190 0,Comments (0),
slysoft.anydvd.hd cracked - remove protection from,AnyDVD HD is a Windows based application that removes restrictions of DVD and Blu-ray media automatically in the background.  AnyDVD HD works in the background to automatically and transparently enable read access of the contents of a movie DVD or Blu-ray as soon as it's inserted into the drive. The DVD/Blu-ray will become useable to your windows operating system and all programs on your computer  such as DVD/Blu-ray backup software like CloneDVD  CloneBD and others  then supporting any DVD or Blu-ray. AnyDVD HD optionally disables RPC region codes  thereby making the movie region free and comfortably viewable on any DVD/Blu-ray player and with any DVD/Blu-ray playback software.  AnyDVD HD is capable of disabling unwanted movie features such as forced subtitles  forced delays  and no-skip marks  giving you full control over your movie experience. It also allows you to launch an external application whenever you insert or remove a disc  and prevents unwanted software from automatically launching when you insert a video DVD.  You can control the drive speed of your DVD drive  allowing you to reduce the noise level when watching movies on your PC. You can even adjust the display frequency of your monitor for both NTSC and PAL displays.  AnyDVD HD doesn't just stop at DVD's or Blu-ray's  it also fixes audio cd's to allow you to play and use them.  AnyDVD HD allows you to watch Blu-ray movies over a digital display connection  without a HDCP-compliant graphics card and without a HDCP-compliant display. No need to buy an expensive monitor. Sweet!  AnyDVD HD is the must-have utility for the serious home theater enthusiast.,Non functional items will be refunded.,2.26 USD,4264 133 0,Comments (0),
guide cc/cvv to gift cards including video,INSTANT DELIVERY TO YOUR INBOX Latest guides and videos on how to CASHOUT to gift cards! This is a pack of multiple guides on gift carding and a list of easily cardable websites to go with it.,No refunds.,5.70 USD,1909 128 0,Comments (0),
full market source code - tochka - point market,FULL MARKET SOURCE CODE - Tochka - Point Market - - Start your own market   You will get an instant downloadable link to get the source code   Thank you,,136.80 USD,2556 190 0,Comments (0),
android carding setup no rooting cashout hacking,★★★★INSTANT DELIVERY TO YOUR INBOX★★★★  THIS IS THE BEST AND EASIEST GUIDE TO MAKING YOUR ANDROID DEVICE A CARDING WEAPON  NO BULLSHIT.  EASY TO SETUP  NO ROOTING YOUR PHONE NEEDED  ALL YOU DO IS DOWNLOAD A FEW APPS AND YOUR ON YOUR WAY TO MAKING SOME MONEY.  ENOUGH FAILING WITH YOUR GUIDES LETS MAKE SOME REAL MONEY$$,No refunds.,5.70 USD,1909 128 0,Comments (0),
winrar 5.30 cracked 32 bit and 64 bit versions,Best archiver ever made !  WinRAR is a powerful archive manager. It can backup your data and reduce the size of email attachments  decompress RAR  ZIP and other files downloaded from Internet and create new archives in RAR and ZIP file format.   We decline any responsibility on the use you will have with our products. Product sold for informational purposes only.  Everyone is free to choose their use...,Non functional items will be refunded.,2.26 USD,4264 133 0,Comments (0),
print usps/fedex/canada post labels anonymous,★★★INSTANT DELIVERY TO YOUR INBOX★★★  -Dhl is also sometimes available  If you are looking for printed labels for your packages but want to stay anonymous then this is for you.  I scoured the net and found a site that you can print any and all labels for usps  fedex  and canada post.  Stop putting stamps and writing the addresses  its too obvious now and most packages with stamps get busted. You need professional printed labels for your packages.    Priority First class Overnight Express International first class/express And many many more options.,No refunds.,5.70 USD,1909 128 0,Comments (0),
flash disk repair,Best utility to repair your unreadable USB flash disk !!! Save your data   working in most cases !!!,Non functional items will be refunded.,2.26 USD,4264 133 0,Comments (0),
amazon refund guide - extremely detailed,INSTANT DELIVERY TO YOUR INBOX  This guide contains all the knowledge you need to successfully rape amazon and never be caught  and what you do with this knowledge  is entirely up to you. This guide was written on years of experience and some of the information you will read was provided by an ex amazon employee and his name will be provided next to it.,No refunds.,5.70 USD,1909 128 0,Comments (0),
total commander full,Total Commander v8.52a  best file manager ever,Non functional items will be refunded.,2.26 USD,4264 133 0,Comments (0),
one click mac address changer,INSTANT  DELIVERY TO YOUR INBOX    This is the easiest and most effective Mac Address changer on the market.,No refunds.,5.70 USD,1909 128 0,Comments (0),
mac - run windows on your mac - parallels desktop,Parallels Desktop Business Edition 13.1.0 For MAC Cracked Full Version,Non functional items will be refunded.,2.26 USD,4264 133 0,Comments (0),
poweriso 6.6,PowerISO is a powerful CD / DVD / BD image file processing tool  which allows you to open  extract  burn  create  edit  compress  encrypt  split and convert ISO files  and mount ISO files with internal virtual drive. It can process almost all CD / DVD / BD image files including ISO and BIN files. PowerISO provides an all-in-one solution. You can do every thing with your ISO files and disc image files.    * Support almost all CD / DVD / BD-ROM image file formats (ISO  BIN  NRG  CDI  DAA and so on). * What is DAA file? DAA file (Direct-Access-Archive) is an advanced format for image file  which supports some advanced features  such as compression  password protection  and splitting to multiple volumes.   * Open and extract ISO file. You can extract ISO file with a single click.   * Burn ISO file to CD  DVD  or Blu-Ray disc. PowerISO is a professional burning software. With this tool  you can create Audio CD  Data CD  Data DVD  Video DVD or VCD. PowerISO also supports Blu-Ray burning.    * Burn Audio CD from MP3  FLAC  APE  WMA  or BIN files.    * Rip Audio CD to MP3  FLAC  APE  WMA  or BIN files.   * Create ISO file or BIN file from hard disk files or CD / DVD / BD discs.   * Edit ISO image file directly.  * Mount ISO file with internal virtual drive. PowerISO can mount all popular disc image files to built-in virtual drive.   * Convert image files between ISO / BIN and other formats. PowerISO can not only convert BIN to ISO  but also convert almost all image file formats to standard ISO image file.  * Create bootable USB drive. PowerISO allows you to setup Windows through USB drive.   * Make bootable ISO file and create bootable CD  DVD disc.  * Support both 32-bit and 64-bit Windows.  * Can be used easily. PowerISO supports shell integration  context menu  drag and drop  clipboard copy paste...  System requirement:  Windows 98 / Window Me / Windows 2000 / Windows XP / Windows 2003 / Windows Vista / Windows 7 / Windows 8 / 8.1 / Windows 10 operating system or above.       Intel Pentium 166MHz or above.       64MB memory.       At least 10MB hard disk space.,Non functional items will be refunded.,2.26 USD,4264 133 0,Comments (0),
openbullet compiled cracking tool + 700 configs,The best cracking tool on the market  you will not be disappointed with this program.   The program is already compiled and I have included my collection of 700 configs so you can get started cracking right away.  If you are in need of data check my store as I have a large amount listed and ready to go or shoot me a message for a custom if you need a specific type.,,136.80 USD,2556 190 0,Comments (0),
silk road 3.1 - full market source code,Silk Road 3.1 - FULL MARKET SOURCE CODE  Silk Road 3.1 - FULL MARKET SOURCE CODE - Original Owner Source Code.  You can start Your Own Market right now.  A lot of Market are using this Source code the most known ones are   BitBazaar and Yellow Brick etc...  The download link will be sent you after your Purchase,,136.80 USD,2556 190 0,Comments (0),
adobe master collection cc 2023,Adobe Master Collection CC 2023 does not exist in nature Adobe has never released it.  But nevertheless he is in front of you And it is assembled on the basis of a modern installer  manufactured by Adobe  the transition to which was made possible through joint efforts both by  mine and by many of the famous PainteR. We both did our best to bring this package to life. Adobe Master Collection CC 2023 is a collection of applications from the Creative Cloud 2023  line and a number of junior version programs combined by a single installer with the ability to  select the installation path and the language of the installed programs.In terms of functionality  everything is very similar to the well-proven Adobe Master Collection CS6 in the past. Only here   the installer interface has changed  the current package includes significantly more programs than  its namesake Creative Suite 6  and the versions of the programs themselves are mostly fresher.  The contents of the package  Adobe Acrobat D,,55.86 USD,2125 194 0,Comments (0),
2023 antidetect 7.3 + fraudfox vm + ccleanerpro,2023 ANTIDETECT 7.3 + FRAUDFOX VM + CCLEANERPRO ANTI DETECT BROWSER  Anti detect is perhaps considered the best and secure browser in the world because of its many features including  BROWSER FINGERPRINT  WHAT IS A BROWSER FINGERPRINT?   Browsing fingerprinting is a term used to describe the collection of data to give a user  or client  a unique identifier. A simple example of data used to create unique fingerprints would be a user agent string. This data is often included in fullz profiles.  However  a browser fingerprint is not at all limited to user agent strings This is just one of many unique identifiers that can and will affect your transactions.  HOW DO WEBSITES USE FINGERPRINT  Other variables such as Flash version  keyboard layout  language settings  MIME settings  time zone  OS version  browser extensions  screen resolution  and many others are collected and organized to build profiles to verify the authenticity  of returning users. Companies such as MaxMind  SAS  and ProSco,,136.80 USD,2557 190 0,Comments (0),
hotspot shield premium vpn 9.5.9,Hotspot Shield Premium VPN 9.5.9 Ranked as one of the most powerful VPNs in the world regarding its Blazing fast speed Security and Ease of use in most of the popular review websites   PROs: Incredibly fast in most locations 3 200plus servers in 80plus countries P2P support on all servers Proprietary protocol Unblocks Netflix VPN kill-switch Easy to use    Features: Pre-Activated Setup Auto-Update Deactivated Fixed Premium IP working Unlimited Bandwidth Bug Fixed Netflix and other premium sites have been unblocked Change Location Bug Fixed Full access to all locations Both x64 and x86 with separate installation instruction are included A Patch included in case of  Something Went Wrong or Limit Bandwidth errors appeared,,136.80 USD,2557 190 0,Comments (0),
